row_id,a,b,c,d,e,coder
H043,0,0,1,0,1,1
H049,0,0,0,0,0,1
H019,0,0,1,0,0,1
H061,1,1,1,0,0,1
H099,0,0,0,0,0,1
H017,0,0,0,0,0,1
H045,0,0,0,0,0,1
H040,1,0,1,0,0,1
H093,0,0,0,0,0,1
H109,0,0,0,0,0,1
H007,0,0,0,0,0,1
H070,0,0,0,0,0,1
H022,0,0,1,1,0,1
H033,1,0,1,0,0,1
H001,1,0,1,0,0,1
H003,1,0,0,0,1,1
H015,0,0,0,0,0,1
H104,0,0,1,0,0,1
H119,0,0,0,0,0,1
H067,1,0,1,0,0,1
H114,0,0,0,0,0,1
H103,1,0,1,0,0,1
H037,1,0,0,0,0,1
H036,0,0,1,0,0,1
H078,1,0,0,0,1,1
H038,0,1,1,0,0,1
H060,1,0,1,0,0,1
H102,0,1,1,0,0,1
H097,0,1,1,0,0,1
H079,1,0,1,0,1,1
H096,0,0,0,0,0,1
H062,1,0,1,0,0,1
H065,1,0,1,0,0,1
H041,1,0,1,0,0,1
H116,1,0,1,0,0,1
H073,1,0,1,0,0,1
H057,1,0,1,0,0,1
H025,0,0,0,0,0,1
H112,1,0,1,0,0,1
H076,0,0,0,0,0,1
H118,1,0,1,0,1,1
H068,0,0,0,0,1,1
H085,0,0,0,0,0,1
H095,0,0,0,0,0,1
H029,0,0,0,0,0,1
H066,0,0,0,0,0,1
H056,0,0,1,0,0,1
H058,1,0,1,0,0,1
H054,0,1,0,1,0,1
H087,1,0,0,0,0,1
H016,1,0,1,0,0,1
H002,0,0,0,0,0,1
H020,1,0,1,0,1,1
H082,1,0,1,0,0,1
H105,1,0,1,0,0,1
H010,1,0,1,0,0,1
H021,1,0,1,0,0,1
H032,0,0,0,0,0,1
H083,0,0,0,0,0,1
H030,0,0,0,0,0,1
H048,1,0,1,0,1,2
H026,1,0,0,0,0,2
H023,0,0,0,0,0,2
H117,0,0,0,0,0,2
H081,1,0,1,0,1,2
H051,0,0,1,0,1,2
H090,1,0,1,0,0,2
H089,0,0,0,0,0,2
H027,0,0,1,0,0,2
H120,0,0,0,0,0,2
H028,0,0,0,0,0,2
H004,0,0,0,0,0,2
H094,0,0,0,0,0,2
H039,0,0,0,0,0,2
H035,1,1,1,0,0,2
H088,0,0,0,0,0,2
H063,0,0,0,0,0,2
H050,1,0,0,0,0,2
H074,0,0,0,0,0,2
H046,1,0,1,0,0,2
H064,0,0,0,0,0,2
H008,0,0,1,0,0,2
H055,0,0,0,0,0,2
H009,0,0,0,0,0,2
H080,1,0,1,0,0,2
H113,0,0,0,0,0,2
H013,0,0,0,0,0,2
H031,0,0,1,0,1,2
H059,1,0,1,0,0,2
H011,0,0,0,0,0,2
H042,1,0,1,0,0,2
H101,0,0,0,0,0,2
H006,0,0,0,0,0,2
H072,1,0,1,0,0,2
H084,0,0,0,0,0,2
H077,0,0,0,0,0,2
H092,0,0,1,0,0,2
H098,1,0,1,0,0,2
H034,1,0,1,0,0,2
H091,1,0,1,0,0,2
H100,0,0,1,0,0,2
H106,1,0,1,0,1,2
H047,1,0,1,0,1,2
H071,0,0,1,0,1,2
H107,0,0,0,0,0,2
H086,0,0,0,0,0,2
H044,0,0,1,0,1,2
H012,0,0,0,0,0,2
H069,0,0,0,0,0,2
H108,0,0,0,0,0,2
H111,1,0,1,0,1,2
H075,1,0,1,0,0,2
H014,0,1,1,0,0,2
H110,0,0,0,0,0,2
H018,0,1,1,1,1,2
H053,0,0,0,0,0,2
H115,0,0,1,0,0,2
H005,1,0,1,0,0,2
H052,0,0,1,0,1,2
H024,0,0,0,0,0,2
