row_id,fid,stratum,kind
H001,F0103,agreement,brochure
H002,F0160,agreement,brochure
H003,F0056,disagreement,brochure
H004,F0075,agreement,brochure
H005,F0364,disagreement,brochure
H006,F0096,agreement,brochure
H007,F0094,agreement,brochure
H008,F0321,agreement,brochure
H009,F0265,disagreement,brochure
H010,F0179,disagreement,brochure
H011,F0029,agreement,brochure
H012,F0214,disagreement,brochure
H013,F0013,agreement,brochure
H014,F0372,agreement,brochure
H015,F0108,agreement,brochure
H016,F0190,disagreement,brochure
H017,F0294,agreement,brochure
H018,F0112,agreement,brochure
H019,F0151,disagreement,brochure
H020,F0288,agreement,brochure
H021,F0264,disagreement,brochure
H022,F0018,disagreement,brochure
H023,F0267,agreement,brochure
H024,F0185,agreement,brochure
H025,F0381,disagreement,brochure
H026,F0330,agreement,brochure
H027,F0210,agreement,brochure
H028,F0176,agreement,brochure
H029,F0093,agreement,brochure
H030,F0306,agreement,brochure
H031,F0155,disagreement,brochure
H032,F0359,agreement,brochure
H033,F0211,agreement,brochure
H034,F0069,disagreement,brochure
H035,F0284,disagreement,brochure
H036,F0189,agreement,brochure
H037,F0193,disagreement,brochure
H038,F0351,agreement,brochure
H039,F0146,disagreement,brochure
H040,F0066,disagreement,brochure
H041,F0238,disagreement,brochure
H042,F0228,disagreement,brochure
H043,F0274,disagreement,brochure
H044,F0278,disagreement,brochure
H045,F0011,agreement,brochure
H046,F0084,agreement,brochure
H047,F0039,disagreement,brochure
H048,F0229,disagreement,brochure
H049,F0349,agreement,brochure
H050,F0325,disagreement,brochure
H051,F0040,disagreement,brochure
H052,F0246,disagreement,brochure
H053,F0304,agreement,brochure
H054,F0032,disagreement,brochure
H055,F0130,disagreement,brochure
H056,F0331,agreement,brochure
H057,F0019,agreement,brochure
H058,F0367,disagreement,brochure
H059,F0379,disagreement,brochure
H060,F0168,disagreement,brochure
H061,F0132,agreement,brochure
H062,F0053,disagreement,brochure
H063,F0261,agreement,brochure
H064,F0145,agreement,brochure
H065,F0269,disagreement,brochure
H066,F0248,agreement,brochure
H067,F0271,agreement,brochure
H068,F0311,disagreement,brochure
H069,F0295,agreement,brochure
H070,F0184,disagreement,brochure
H071,F0335,agreement,brochure
H072,F0259,disagreement,brochure
H073,F0088,disagreement,brochure
H074,F0266,agreement,brochure
H075,F0159,disagreement,brochure
H076,F0312,agreement,brochure
H077,F0235,disagreement,brochure
H078,F0005,disagreement,brochure
H079,F0385,disagreement,brochure
H080,F0392,agreement,brochure
H081,F0376,disagreement,brochure
H082,F0257,disagreement,brochure
H083,F0357,agreement,brochure
H084,F0277,disagreement,brochure
H085,F0174,agreement,brochure
H086,F0236,disagreement,brochure
H087,F0202,agreement,brochure
H088,F0307,agreement,brochure
H089,F0126,agreement,brochure
H090,F0017,disagreement,brochure
H091,F0230,agreement,brochure
H092,F0234,disagreement,brochure
H093,F0232,agreement,brochure
H094,F0388,disagreement,brochure
H095,F0333,agreement,brochure
H096,F0314,disagreement,brochure
H097,F0316,disagreement,brochure
H098,F0054,disagreement,brochure
H099,F0204,agreement,brochure
H100,F0076,agreement,brochure
H101,F0098,agreement,brochure
H102,F0352,agreement,brochure
H103,F0154,disagreement,brochure
H104,F0138,agreement,brochure
H105,F0152,disagreement,brochure
H106,F0115,disagreement,brochure
H107,F0041,disagreement,brochure
H108,F0125,agreement,brochure
H109,F0068,disagreement,brochure
H110,F0300,agreement,brochure
H111,F0263,agreement,brochure
H112,F0149,disagreement,brochure
H113,F0213,disagreement,brochure
H114,F0309,disagreement,brochure
H115,F0341,disagreement,brochure
H116,F0286,agreement,brochure
H117,F0136,agreement,brochure
H118,F0373,disagreement,brochure
H119,F0220,agreement,brochure
H120,F0071,agreement,brochure
W001,F0010,website,website
W002,F0035,website,website
W003,F0051,website,website
W004,F0086,website,website
W005,F0101,website,website
W006,F0125,website,website
W007,F0135,website,website
W008,F0140,website,website
W009,F0172,website,website
W010,F0220,website,website
W011,F0288,website,website
W012,F0289,website,website
W013,F0290,website,website
W014,F0295,website,website
W015,F0308,website,website
W016,F0355,website,website
W017,F0358,website,website
W018,F0364,website,website
W019,F0273,website,website
W020,F0266,website,website
W021,F0073,website,website
W022,F0379,website,website
W023,F0321,website,website
W024,F0281,website,website
W025,F0049,website,website
W026,F0034,website,website
W027,F0234,website,website
W028,F0396,website,website
W029,F0155,website,website
W030,F0381,website,website
W031,F0167,website,website
W032,F0312,website,website
W033,F0038,website,website
W034,F0271,website,website
W035,F0297,website,website
W036,F0156,website,website
W037,F0254,website,website
W038,F0193,website,website
