fid,aum_2020,aum_2022,aum_2024
F0001,593748000.0,655446401.0,583835713.0
F0002,1463157627.0,2114854426.0,2465463619.0
F0003,1056300850.0,1568770783.0,1705976563.0
F0004,26805616952.0,36787448916.0,37133957466.0
F0005,313282403322.0,458068003048.0,479793782427.0
F0006,2659665000.0,3408714000.0,2855965000.0
F0007,484895800.0,582414332.0,665628767.0
F0008,939444317.0,1041394887.0,818691134.0
F0009,290928486.0,714517194.0,796416350.0
F0010,219329815.0,287217497.0,290256989.0
F0011,368480128.0,392860115.0,226326709.0
F0012,2560696141.0,3934659838.0,4550315616.0
F0013,934731844.0,1721563144.0,2342392629.0
F0014,12713508008.0,11059463391.0,5271901660.0
F0015,243663204.0,230753052.0,240900957.0
F0016,302435474.0,377549404.0,349174363.0
F0017,276341204592.0,307360918170.0,307726562224.0
F0018,2622977500.0,3377687430.0,3359521956.0
F0019,103456213706.0,115562505380.0,85208444537.0
F0020,10346884428.0,17078806713.0,15615206587.0
F0021,20372807548.0,20666561559.0,16852034196.0
F0022,494052405.0,744883421.0,723730439.0
F0023,1558465.0,516573.0,460642.0
F0024,110784320.0,151343635.0,129185039.0
F0025,5340918623.0,7272831284.0,7277109024.0
F0026,75935167.0,121602029.0,112959342.0
F0027,81243845886.0,88624009784.0,65938129807.0
F0028,2569000000.0,4320000000.0,3269000000.0
F0029,17800000.0,116207684.0,116641399.0
F0030,382800000.0,819300000.0,782900000.0
F0031,363438089.0,494398378.0,462109722.0
F0032,8235801168.0,12726442318.0,14211502743.0
F0033,1078466900.0,1351414573.0,1541488163.0
F0034,344540946.0,439771084.0,474349933.0
F0035,389522859.0,558743634.0,726869853.0
F0036,321114596.0,404086370.0,324842021.0
F0037,151361242.0,197644904.0,218039216.0
F0038,29672582842.0,35412421519.0,34572975621.0
F0039,2059686510.0,2636000846.0,2459101392.0
F0040,10114729638.0,15588229080.0,9320091885.0
F0041,1714587868.0,2106777137.0,1928582015.0
F0042,2382946250.0,2841202290.0,2454391330.0
F0043,111143887.0,210443000.0,214939000.0
F0044,372719619.0,502206894.0,572996438.0
F0045,139389454.0,167985762.0,156025618.0
F0046,206481373.0,202083887.0,242779116.0
F0047,600717253.0,583799144.0,819802922.0
F0048,922352042.0,1042525543.0,1418463150.0
F0049,194527194.0,233440220.0,60454779.0
F0050,124111590.0,115321932.0,146174311.0
F0051,175291042227.0,312605023242.0,426071864566.0
F0052,272813083.0,501411899.0,606989977.0
F0053,949220327.0,1017413137.0,1365398340.0
F0054,14290645690.0,13258868505.0,10127384993.0
F0055,12156313782.0,13352100000.0,11970300000.0
F0056,6085991103.0,3929284095.0,5589521872.0
F0057,129108017.0,174667940.0,169057797.0
F0058,54492777.0,185814004.0,183187386.0
F0059,118873334.0,149749764.0,159049911.0
F0060,500402995.0,180052203.0,177838967.0
F0061,386667867.0,484347783.0,389745910.0
F0062,430283168.0,620257856.0,549874500.0
F0063,239992582.0,297735209.0,309161872.0
F0064,40005500.0,134009879.0,139794016.0
F0065,192045051.0,274862099.0,467476449.0
F0066,206550000.0,329050900.0,269150896.0
F0067,45882060293.0,85475283656.0,32085958361.0
F0068,180504254.0,214253517.0,202331744.0
F0069,138804674958.0,219371099362.0,126022034338.0
F0070,49660359.0,43298384.0,34732586.0
F0071,,115304304.0,125612329.0
F0072,38340542.0,43832252.0,56367397.0
F0073,1912499533.0,2450907779.0,3454023737.0
F0074,2175877943.0,2777768242.0,3329402135.0
F0075,6230266640.0,7871705251.0,7518040404.0
F0076,703152503.0,1312418772.0,1835159664.0
F0077,32335032071.0,35188784662.0,26177360509.0
F0078,131935863.0,192700305.0,224325138.0
F0079,,173113493.0,195879605.0
F0080,138149333.0,189491084.0,195637746.0
F0081,675268230.0,626079810.0,637647197.0
F0082,30000000.0,231535853.0,176171921.0
F0083,569551005.0,548310501.0,365859659.0
F0084,102414032221.0,203424579297.0,314926162888.0
F0085,405536848.0,580451865.0,642761863.0
F0086,44993435000.0,47129941000.0,48873548310.0
F0087,13428170065.0,17452706763.0,18023574796.0
F0088,1594887795.0,705987623.0,203495921.0
F0089,,,107727309.0
F0090,767889447.0,1098780505.0,1279740797.0
F0091,180063278.0,287319318.0,326874469.0
F0092,97667620.0,182501617.0,166488910.0
F0093,400678661.0,525342837.0,659196636.0
F0094,565874968.0,843629358.0,799701457.0
F0095,,262769640.0,328421307.0
F0096,,,141874080.0
F0097,6337301246.0,6893315340.0,7113460994.0
F0098,5033565909.0,6302789190.0,8046028009.0
F0099,44636554284.0,73081408757.0,45003485534.0
F0100,88479404.0,70894836.0,144417319.0
F0101,20750000.0,11122930.0,6988996.0
F0102,295487621.0,387717103.0,371163779.0
F0103,603192280.0,1217527821.0,2000456128.0
F0104,1805708208.0,2846658597.0,3635326096.0
F0105,4683393638.0,4922864238.0,2035598940.0
F0106,182393690.0,242210912.0,287088356.0
F0107,,135965642.0,155149960.0
F0108,126806730.0,207197864.0,150510017.0
F0109,115992706.0,130056275.0,124688841.0
F0110,294476042.0,409299418.0,7018055.0
F0111,162331025.0,282567868.0,304159448.0
F0112,136664191.0,299632410.0,443510505.0
F0113,213332353.0,341704173.0,454837733.0
F0114,143618506.0,178777014.0,172551037.0
F0115,1828854000.0,4390959253.0,3589216000.0
F0116,163491449.0,262666341.0,238769135.0
F0117,,121486978.0,117448231.0
F0118,306977528.0,228071357.0,223474087.0
F0119,131675568.0,168981136.0,135101245.0
F0120,36522063.0,48280286.0,45163215.0
F0121,4125645439.0,8841806590.0,6984451470.0
F0122,3874731590.0,4834899163.0,5351394491.0
F0123,,132712650.0,318092824.0
F0124,9196873340.0,12183590249.0,12271567390.0
F0125,113890000.0,94000000.0,100038726.0
F0126,104259396.0,177037876.0,244355449.0
F0127,450032850.0,427259516.0,578098611.0
F0128,1292713303.0,2380713436.0,2006194813.0
F0129,3014924000.0,8619465000.0,5492604000.0
F0130,216434142.0,370991358.0,418691638.0
F0131,,,218700000.0
F0132,36400000.0,115950004.0,168100000.0
F0133,113864454.0,124477430.0,119113597.0
F0134,228513720.0,296375623.0,239887365.0
F0135,2769691350.0,4598455973.0,4691282848.0
F0136,3752953041.0,5449628938.0,4268132507.0
F0137,509429637.0,593304912.0,624665782.0
F0138,4734649148.0,5213982465.0,876673683.0
F0139,2288042948.0,3411892771.0,3059458638.0
F0140,,129061475.0,129999302.0
F0141,195776906.0,26696790.0,27209750.0
F0142,321277131.0,647067280.0,748306026.0
F0143,358705133.0,534690999.0,296810115.0
F0144,1289640696.0,2729395226.0,3193035807.0
F0145,53209405.0,106212368.0,102880100.0
F0146,1508384000.0,3486251328.0,3030399721.0
F0147,2218743235.0,2946525982.0,2140123494.0
F0148,119687042.0,155730439.0,132658986.0
F0149,668151000.0,410445000.0,370275683.0
F0150,869677761.0,771163525.0,584492702.0
F0151,5836032941.0,7249890965.0,15423271608.0
F0152,12549737335.0,11133726933.0,7215624352.0
F0153,636904957.0,579034109.0,383005724.0
F0154,2195571520.0,5538483817.0,5931030810.0
F0155,14023328937.0,22988455308.0,26642350736.0
F0156,,,105656862.0
F0157,8947843423.0,4541330339.0,3724425981.0
F0158,399256000.0,493765000.0,775451000.0
F0159,1118253708.0,1416186441.0,1638353029.0
F0160,795546858.0,1462139862.0,1312746202.0
F0161,4909370751.0,6951069658.0,8996276849.0
F0162,1966000000.0,4154400000.0,4124800000.0
F0163,136165000.0,183096338.0,195906287.0
F0164,787022875.0,1322761381.0,1472058453.0
F0165,589729306.0,780590000.0,864385000.0
F0166,216588666.0,214537745.0,108289056.0
F0167,233726541.0,323325000.0,353137993.0
F0168,1108925591.0,1690920767.0,1119555125.0
F0169,745163520.0,977902218.0,683648378.0
F0170,1403233144.0,2682728125.0,3372318250.0
F0171,5854706148.0,4871277981.0,5562384758.0
F0172,202912794.0,204607710.0,220004622.0
F0173,399269885.0,131828168.0,39744850.0
F0174,1576468899.0,2115564821.0,2524505483.0
F0175,181577247.0,262192591.0,164010923.0
F0176,3110077000.0,3963692000.0,2888606000.0
F0177,967558114.0,1406682095.0,1112608988.0
F0178,575695470.0,669771693.0,742343976.0
F0179,5639488149.0,8320388753.0,13691819689.0
F0180,177864409.0,209747457.0,7464114.0
F0181,635032536.0,828362926.0,591135235.0
F0182,23200000.0,82570675.0,107076998.0
F0183,331644382.0,151689123.0,149790000.0
F0184,804727966.0,1012024792.0,522579097.0
F0185,634528655.0,380998058.0,152979340.0
F0186,,225645686.0,445921767.0
F0187,116743947.0,223016793.0,241444815.0
F0188,3882080133.0,7068677000.0,4243121000.0
F0189,191859981.0,212601124.0,182527714.0
F0190,260530556.0,656159203.0,947688692.0
F0191,340926867.0,586784748.0,411827214.0
F0192,331601654.0,489845421.0,216378100.0
F0193,3377934991.0,6170671192.0,8210969354.0
F0194,,25349302.0,34251440.0
F0195,596615450.0,710139000.0,736585540.0
F0196,402975289.0,540144981.0,506774284.0
F0197,37786000.0,67000321.0,71692943.0
F0198,663421000.0,721998000.0,644687000.0
F0199,1293946842.0,2557958721.0,2892462654.0
F0200,,161205163.0,148390029.0
F0201,78093248.0,97386362.0,91000494.0
F0202,199119891.0,421858003.0,356693198.0
F0203,1315459875.0,3178676152.0,5209091318.0
F0204,329393864.0,602561180.0,572146973.0
F0205,162729935.0,176525058.0,174390288.0
F0206,1298672883.0,2707484990.0,5044156635.0
F0207,,,293810047.0
F0208,1476911695.0,1387407569.0,1091602719.0
F0209,199000000.0,286550181.0,322261339.0
F0210,,143802345.0,319817488.0
F0211,,277559367.0,199313862.0
F0212,156000000.0,222500000.0,273136000.0
F0213,1410343349.0,1931822328.0,1973990155.0
F0214,433057392.0,552640778.0,616851354.0
F0215,1994789000.0,209950000.0,234578000.0
F0216,446287055.0,583810998.0,716804745.0
F0217,219886529.0,176608934.0,175534932.0
F0218,269277006.0,335809359.0,216898385.0
F0219,367141111.0,468346472.0,849444731.0
F0220,207291724.0,487551907.0,740543488.0
F0221,,,126000000.0
F0222,4205642142.0,5214209500.0,5188569240.0
F0223,2790000000.0,3121000000.0,4070000000.0
F0224,238266817.0,309198959.0,424753741.0
F0225,147858591.0,203426037.0,162600664.0
F0226,142249337.0,177507069.0,134738147.0
F0227,205506768.0,276635178.0,381000000.0
F0228,374829828.0,484867428.0,443116761.0
F0229,1482666996.0,2172656902.0,1851515819.0
F0230,,125806951.0,252869043.0
F0231,168397420.0,235756616.0,266041604.0
F0232,140470863.0,170701011.0,192226034.0
F0233,,115579147.0,128404480.0
F0234,3307231987.0,7843573326.0,7303270045.0
F0235,156942693.0,92914314.0,103036237.0
F0236,161970000.0,166900000.0,169820000.0
F0237,,182866331.0,238934974.0
F0238,154234970.0,224804366.0,198964717.0
F0239,,,156409675.0
F0240,516292340.0,998472756.0,1418987297.0
F0241,64761553.0,107260483.0,133906031.0
F0242,177920440.0,181831672.0,214652951.0
F0243,287000000.0,1047896972.0,620909320.0
F0244,305512347.0,514430844.0,559276956.0
F0245,,367620111.0,399995051.0
F0246,235397000.0,487108000.0,77625000.0
F0247,1442772154.0,2068058443.0,2256138416.0
F0248,211876037.0,466786631.0,597576792.0
F0249,,139745604.0,184090178.0
F0250,184902047.0,365521981.0,264950239.0
F0251,540687095.0,918790433.0,752295521.0
F0252,1955500000.0,2868500000.0,1668708323.0
F0253,239480000.0,754688059.0,452387455.0
F0254,251683836.0,340179563.0,347746985.0
F0255,5404187904.0,6601771990.0,11176653668.0
F0256,439350459.0,1531823014.0,2172777143.0
F0257,,,218072345.0
F0258,132436014.0,485389571.0,712890579.0
F0259,786495125.0,881127764.0,704606938.0
F0260,24611952.0,117932407.0,457187940.0
F0261,1348874000.0,29350000.0,59112516.0
F0262,,297181000.0,165528595.0
F0263,,127033906.0,129787427.0
F0264,255572219.0,274295221.0,473886184.0
F0265,5138861880.0,4365436297.0,2768301384.0
F0266,2157000000.0,2118613563.0,1028545748.0
F0267,4416040.0,7622061.0,7126219.0
F0268,,141371129.0,192520619.0
F0269,323663613.0,534230153.0,738045480.0
F0270,99732000.0,267818263.0,329198635.0
F0271,352068603.0,1030581474.0,1038441111.0
F0272,,,142424620.0
F0273,1198845622.0,3930992888.0,4932272688.0
F0274,196065540.0,351173588.0,480744995.0
F0275,233150734.0,644208560.0,1233877685.0
F0276,,,129000000.0
F0277,,1309736697.0,944974583.0
F0278,,232696410.0,262072899.0
F0279,162129362.0,168364800.0,168792197.0
F0280,375651480.0,880782850.0,1000803506.0
F0281,245948390.0,433835508.0,404164092.0
F0282,174635231.0,232768061.0,227067342.0
F0283,,186149563.0,213161097.0
F0284,44185000.0,73581051.0,143667814.0
F0285,,,169247322.0
F0286,3435933190.0,6475288062.0,11545251683.0
F0287,261345616.0,244379962.0,202172125.0
F0288,234348334.0,441692923.0,516613791.0
F0289,45041589.0,82191160.0,61153215.0
F0290,187469576.0,551404087.0,335675311.0
F0291,,,779493598.0
F0292,218463895.0,396311105.0,740408167.0
F0293,,2843392652.0,3931298951.0
F0294,2341527079.0,2390424280.0,2324808200.0
F0295,386683161.0,390742820.0,539888380.0
F0296,150200000.0,216564343.0,125341727.0
F0297,,,199687035.0
F0298,,46219523.0,101004116.0
F0299,51459241.0,239978114.0,225495361.0
F0300,,,126000000.0
F0301,446283932.0,639622164.0,1315010728.0
F0302,,1100565.0,4048192.0
F0303,124057566.0,205175450.0,197957070.0
F0304,,167812813.0,338531289.0
F0305,,384653941.0,379010763.0
F0306,,305026596.0,212494040.0
F0307,849106281.0,1039045828.0,1119041694.0
F0308,,395354056.0,572007880.0
F0309,,,52830603.0
F0310,29085000.0,88001587.0,77774937.0
F0311,185000000.0,245500000.0,294685885.0
F0312,,,141495854.0
F0313,3000000.0,122740914.0,883438485.0
F0314,,346715581.0,441389232.0
F0315,,194416254.0,14705549.0
F0316,,67800000.0,100350000.0
F0317,,791842351.0,439032929.0
F0318,,249600908.0,227893224.0
F0319,,2744892739.0,3141971930.0
F0320,,34366427.0,42791471.0
F0321,,311643519.0,1214902308.0
F0322,,259032004.0,279478877.0
F0323,,528480456.0,626488465.0
F0324,,40376125.0,18424025.0
F0325,,392800000.0,1432300000.0
F0326,,229667797.0,401353531.0
F0327,,450977173.0,470115035.0
F0328,,412035750.0,411712901.0
F0329,,79814827.0,170732755.0
F0330,,,975462199.0
F0331,,2708290718.0,2808083351.0
F0332,,90850937.0,100961631.0
F0333,,290000000.0,288801599.0
F0334,,1322458106.0,1694781488.0
F0335,,118286100.0,214167441.0
F0336,,,472002856.0
F0337,,734600406.0,1109618464.0
F0338,,80983594.0,128513129.0
F0339,,,278763827.0
F0340,,,176174588.0
F0341,,1389561743.0,1725931743.0
F0342,,77001000.0,215904857.0
F0343,,203171164.0,437819838.0
F0344,,146667995.0,113762393.0
F0345,,,157408973.0
F0346,,344787130.0,415892682.0
F0347,,,850246644.0
F0348,,36174333.0,352910837.0
F0349,,1648659367.0,1449845404.0
F0350,,126260809.0,105438390.0
F0351,,,151897000.0
F0352,,106036259.0,313196458.0
F0353,,,111606776.0
F0354,,,86297050.0
F0355,,319676887.0,423660103.0
F0356,,141462696.0,192702234.0
F0357,,822557958.0,1632226548.0
F0358,,25000000.0,130000000.0
F0359,,379762569.0,267352407.0
F0360,,148646567.0,683049372.0
F0361,,223975289.0,344241480.0
F0362,,179169330.0,138306257.0
F0363,,,584987740.0
F0364,,3343206000.0,4414053804.0
F0365,,,250960505.0
F0366,,,45754506390.0
F0367,,,202300000.0
F0368,,,51000000.0
F0369,,,196580012.0
F0370,,,118049467.0
F0371,,,526231937.0
F0372,,,1403127624.0
F0373,,,219162801.0
F0374,,,129894382.0
F0375,,,105400000.0
F0376,,,339560766.0
F0377,,,262675639.0
F0378,,,162600000.0
F0379,,,2116540646.0
F0380,,,183378521.0
F0381,,,36272478.0
F0382,,,124700000.0
F0383,,,311737441.0
F0384,,,916385116.0
F0385,,,105869016.0
F0386,,,299131543.0
F0387,,,949203625.0
F0388,,,125618942.0
F0389,,,400961536.0
F0390,,,312733630.0
F0391,,,115179001.0
F0392,,,180852000.0
F0393,,,
F0394,,,423188815.0
F0395,,,
F0396,,,1553774222.0
F0397,,,
F0398,,,2660000.0
F0399,,,1647292121.0
F0400,,,354342598.0
