fid,n_chars
F0001,60732
F0002,154409
F0003,116719
F0004,1208507
F0005,1549428
F0006,62412
F0007,63690
F0008,21789
F0009,45603
F0010,28837
F0011,55029
F0012,89827
F0013,27417
F0014,57702
F0015,74090
F0016,63102
F0017,260666
F0018,153655
F0019,756109
F0020,53454
F0021,189997
F0022,60412
F0024,32544
F0025,68845
F0026,19005
F0027,221466
F0028,27823
F0029,43953
F0030,58759
F0031,44877
F0032,140893
F0033,32325
F0034,70947
F0035,157858
F0036,36514
F0037,41829
F0038,422056
F0039,116957
F0040,215749
F0041,106899
F0042,69694
F0043,39668
F0044,38387
F0045,38187
F0046,28031
F0047,60951
F0048,37524
F0049,52603
F0050,4950
F0051,336989
F0052,44015
F0053,82763
F0054,84172
F0056,160104
F0057,47318
F0058,29510
F0059,44119
F0060,28373
F0061,39738
F0062,68418
F0063,52217
F0064,26635
F0065,45253
F0066,38214
F0067,72014
F0068,97832
F0069,578008
F0070,56226
F0071,35500
F0072,35663
F0073,48074
F0074,100355
F0075,49955
F0076,64242
F0078,80590
F0079,53273
F0080,78754
F0081,88999
F0082,222063
F0083,84945
F0084,377119
F0085,88342
F0086,162620
F0087,99069
F0088,439469
F0089,48160
F0090,87159
F0091,32388
F0092,54379
F0093,106546
F0094,146505
F0095,62191
F0096,41228
F0098,142368
F0099,199752
F0100,33201
F0101,48514
F0102,54232
F0103,450296
F0104,100041
F0105,259253
F0106,38820
F0107,91210
F0108,54469
F0109,41162
F0110,24210
F0111,32135
F0112,53022
F0113,98685
F0114,41105
F0115,322885
F0116,29257
F0117,57160
F0118,37701
F0119,42387
F0120,59093
F0121,207676
F0122,69759
F0123,153660
F0124,133695
F0125,55665
F0126,42987
F0127,49004
F0128,38864
F0130,66372
F0131,116176
F0132,61974
F0133,39958
F0134,24877
F0135,55541
F0136,51739
F0137,58563
F0138,98209
F0139,82969
F0140,90408
F0141,95981
F0142,56060
F0143,60033
F0144,108383
F0145,146069
F0146,73959
F0147,145884
F0148,42393
F0149,195287
F0150,72967
F0151,151402
F0152,69941
F0153,41040
F0154,169346
F0155,289020
F0156,62263
F0157,43840
F0158,132069
F0159,106820
F0160,29049
F0161,185124
F0162,53161
F0163,40548
F0164,73311
F0165,24700
F0166,39215
F0167,70474
F0168,165108
F0169,83958
F0170,54105
F0171,142599
F0172,67389
F0173,113522
F0174,124205
F0175,48689
F0176,220245
F0177,79434
F0178,33291
F0179,199647
F0180,37481
F0181,108236
F0182,30671
F0183,39369
F0184,52450
F0185,80296
F0186,57860
F0187,112013
F0188,45610
F0189,66296
F0190,36411
F0191,64534
F0192,46405
F0193,42834
F0194,29472
F0195,59086
F0196,128125
F0197,32480
F0198,53356
F0199,55713
F0200,38921
F0201,35393
F0202,50694
F0203,75639
F0204,95181
F0205,47749
F0206,96941
F0207,40532
F0208,78780
F0209,64630
F0210,135579
F0211,132285
F0212,57916
F0213,41839
F0214,61652
F0215,111372
F0216,121710
F0217,83630
F0218,128429
F0219,36393
F0220,115604
F0221,27097
F0222,38240
F0223,42662
F0224,88881
F0225,173106
F0226,45231
F0227,53893
F0228,32221
F0229,271960
F0230,51845
F0231,40727
F0232,46830
F0233,56065
F0234,29238
F0235,56220
F0236,58935
F0237,32398
F0238,53402
F0239,17530
F0240,101349
F0242,83169
F0243,25601
F0244,46253
F0245,67154
F0246,45709
F0247,29997
F0248,92775
F0249,52084
F0250,48588
F0251,164991
F0252,136993
F0253,94533
F0254,42622
F0255,319941
F0256,219187
F0257,78494
F0258,54382
F0259,41634
F0260,67727
F0261,83016
F0262,82684
F0263,94069
F0264,180857
F0265,81994
F0266,32243
F0267,45154
F0268,46831
F0269,76081
F0270,180294
F0271,60343
F0272,65817
F0273,56379
F0274,151791
F0275,156263
F0276,6418
F0277,309652
F0278,119926
F0279,58713
F0280,74015
F0281,58737
F0282,40661
F0283,43717
F0284,109147
F0285,83120
F0286,272278
F0287,106586
F0288,64136
F0289,27221
F0290,29455
F0292,196487
F0293,512763
F0294,45074
F0295,52209
F0296,39300
F0297,141613
F0298,38760
F0299,107511
F0300,59749
F0302,47735
F0303,74806
F0304,72148
F0305,39044
F0306,44065
F0307,70864
F0308,115980
F0309,62029
F0310,37024
F0311,87955
F0312,122768
F0313,64233
F0314,82921
F0315,46456
F0316,85924
F0317,44174
F0318,16606
F0319,355822
F0320,52811
F0321,100317
F0322,32257
F0323,93065
F0324,54113
F0325,35161
F0326,39690
F0327,104507
F0328,90472
F0329,32555
F0330,113398
F0331,114216
F0332,27350
F0333,113448
F0334,43918
F0335,233585
F0336,101884
F0337,94161
F0338,45233
F0339,28897
F0340,135101
F0341,56862
F0342,44743
F0343,78248
F0344,41755
F0345,25717
F0346,78616
F0347,115023
F0349,93741
F0350,69270
F0351,35340
F0352,201883
F0353,75646
F0354,45859
F0355,35182
F0356,84456
F0357,72237
F0358,18143
F0359,92481
F0360,171567
F0361,102485
F0362,36482
F0363,59721
F0364,132386
F0365,57989
F0366,23133
F0367,291612
F0368,35515
F0369,42587
F0370,49217
F0371,100336
F0372,45291
F0373,128348
F0374,75374
F0375,51285
F0376,73711
F0378,55493
F0379,99366
F0380,117061
F0381,116124
F0382,44617
F0383,103751
F0384,124448
F0385,293348
F0386,62595
F0387,64331
F0388,50491
F0389,67528
F0390,27325
F0391,15614
F0392,72328
F0394,92932
F0396,158243
F0397,17318
F0398,41335
F0399,28008
F0400,49889
